File Path,Piece Tital,Composer
consolation_6_(c)halstead,Consolation No.6 in E Major,Liszt
valse_18_(c)dery,Grande Valse Brillante in E-flat major,Chopin
mazurka_6_2_(c)yogore,Mazurka Op.6 No.2,Chopin
sonata_D958_4_(c)bucknall,"Piano Sonata No. 19 in C Minor, D. 958 - 4, Allegro",Schubert
strings_12-1_(c)onclassical,"String Quartet No.12, D 703",Schubert
nocturne_62_2_(c)unknown,Nocturne Op.62 No.2,Chopin
winterreise_10_(c)yogore,"Winterreise, D. 911: No. 10, Rast",Schubert
klavierstucke_119_3_(c)lefeldt,"4 KlavierstÔøΩcke, Op.119, No. 3, Intermezzo in C Major",Brahms
sonata_58_4_(c)finley,"Piano Sonata No. 3 in B Minor, Op. 58 - 4. Finale, Presto non tanto",Chopin
polonaise_61_(c)dery,Polonaise-Fantaisie Op.61 in A-flat,Chopin
sonata_D894_4_(c)bucknall,"Piano Sonata No.18 in G Major, D.894",Schubert
mazurka_67_4_(c)yogore,"hopin Mazurka, Op. 67 No. 4",Chopin
etude_nouvelles_1_(c)unknown,Nouvelle Etude No.1,Chopin
ouverture_80_(c)lucarelli,ouverture show ann√©e 80 par dj seb,maybe brahms
grand_funeral_march_55_(c)yogore,"Grande Marche FunÔøΩbre, D.859",Schubert
polonaise_53_(c)dery,"Polonaise, Op. 53",Chopin
sonate_22_1_(c)lefeldt,"Beethoven: Sonata No.22 in F Major, Op.54 (Lortie, Korstick, Buchbinder)",Beethoven
hongroise_mov2_(c)yogore,Hector Berlioz - La Damnation de Faust Op. 24 Marche Hongroise,
clarinet_quintett_115_4_bakels,"Quintet in B Minor, Op. 115 for Clarinet and String Quartet: I. Allegro",
bilder_6_(c)yogore,How To Get 6 Builders in Clash of Clans!,
prelude_28_23_(c)unknown,"Chopin - Prelude Op. 28, No 23",Chopin
nocturne_32_2_(c)unknown,Chopin Nocturne Op. 32 No. 2 in A-flat Major,Chopin
hungarian_dance_15_(c)yogore,Brahms: Hungarian Dance No.15 In B Flat,Brahms
fugue_D952_(c)yogore,Franz Schubert-Fugue E Minor D.952,Schubert
valse_34_3_(c)dery,Seong-Jin Cho ‚Äì Waltz in F major Op. 34 No. 3 (second stage),
liebestraume_3_(c)oguri,Liszt - Liebestraum No. 3 (Love Dream),Liszt
symphony_6_2_(c)lucarelli,"Ludwig Van Beethoven - Symphony No. 6, Op.68 - 2nd Movement",Beethoven
rondo_107_(c)yogore,Waltz rondo (Etude 107),
sonata_164_3_(c)yogore,"Sonata para flauta e piano, FP 164: III. Presto giocoso",
winterreise_6_(c)yogore,"Winterreise, D. 911: No. 6, Wasserflut",
variations_haydn_56a_9_(bakels),"Variations on a Theme by Haydn, Op. 56a: Variation V (Vivace)",
quartet_41-3_3_(c)onclassical,"Robert Schumann - String Quartet No.3, Op. 41/3 (with score)",Schumann
grand_marches_40_5_(c)yogore,"Schubert, 6 Grandes Marches, D.819 Op.40 No.5",Schubert
klavierstucke_119_4_(c)lefeldt,Johannes Brahms op 119  4 Klavierst√ºcke,Brahms
waltzes_39_4_(c)yogore,"Brahms: Waltzes, Op. 39 (Emanuel Ax and Anna Polonsky)",Brahms
fugue_72_4_(c)yogore,Robert Schumann Fugue No. 4 Op. 72,Schumann
mazurka_41_2_(c)yogore,Chopin Mazurka Op.41 No.2 By Arthur Rubinstein (46/154),Chopin
nocturne_48_2_(c)unknown,Chopin Nocturne Op.48 No.2 By Arthur Rubinstein (14/154),Chopin
etude_10_10_(c)unknown,Seong-Jin Cho ‚Äì Etude in A flat major Op. 10 No. 10 (first stage),
hungarian_dance_11_(c)yogore,Johannes Brahms - Hungarian Dance No. 11 - Poco Andante,Brahms
hirt_auf_dem_felsen_129_1_(c)bakels,"Edith Wiens &quot;Der Hirt auf dem Felsen&quot; (The Shepherd on the Rock) Schubert Op. 129, D. 965. .wav",Schubert
strings_13-4_(c)onclassical,.07 Gauge Guitar Strings Sound Absolutely Ridiculous,
bilder_2_(c)yogore,Tommy zerst√∂rt  INSPIRIERENDE FACEBOOK BILDER #2,
polonaise_40_1_(c)dery,F. Chopin : Polonaise op. 40 no. 1 in A major &quot;Military&quot; (Pollini),Chopin
hungarian_mass_offertorium_(c)blondel,"Liszt - Benedictus und Offertorium aus der ungarischen Kr√∂nungsmesse, S501 (Thomson)",Liszt
winterreise_2_(c)yogore,"Winterreise, D. 911: No. 2, Die Wetterfahne",
sonata_147_4_(c)yogore,Domenico Scarlatti - Sonata in E minor K147 (Hae Won Chang),
christmas_tree_suite_5_(c)halstead,"Franz Liszt - Weihnachtsbaum, S. 186",Liszt
wanderer_(c)yogore,The Wanderer,
christmas_tree_suite_2_(c)halstead,"Liszt - Weihnachtsbaum, S186 (P√∂ntinen)",Liszt
hungarian_dance_16_(c)yogore,Johannes Brahms - Hungarian Dance 16,Brahms
variations_haydn_56b_(bakels),"Brahms: Variations on a Theme by Haydn, Op.56b (Argerich and Freire)",Brahms
strings_14-3_(c)onclassical,CUERDAS DEL CORAZ√ìN CAP√çTULO 14-3 SubEspa√±ol,
bilder_5_(c)yogore,Leinwand Bilder 5 St√ºck  Rahmen und Ohne Rahmen,
etude_10_11_(c)unknown,Most Unknown &quot;Chopin Etude&quot; Op.10 No.11,Chopin
variations_23_(pepperdine),"HIGHLIGHTS | Pepperdine 51, CSUB 79",
etudes_10_(c)hisamori,Complete Chopin Etudes Op.10,Chopin
impromptu_D946_1_(c)lefeldt,[Alfred Brendel] Schubert: Drei Klavierst√ºcke -- D946,Schubert
mazurka_41_1_(c)yogore,Chopin Mazurka Op.41 No.1 By Arthur Rubinstein (45/154),Chopin
grand_marches_40_6_(c)yogore,"Schubert, 6 Grandes Marches, D.819 Op.40 No.3",Schubert
quartet_41-1_4_(c)onclassical,"Robert Schumann - String Quartet No.1, Op. 41/1 (with score)",Schumann
waltzes_39_7_(c)yogore,Brahms - 16 Waltzes Op. 39,Brahms
winterreise_5_(c)yogore,Schubert  Die Winterreise No 5  Der Lindenbaum  Fischer-Dieskau .,Schubert
sonata_147_3_(c)yogore,"Sonata for Viola and Piano in C Major, Op. 147: III. Adagio",
berceuse_57_(c)unknown,"Chopin: Berceuse in D-flat major, Op.57 (Michelangeli, Rubinstein, Moravec, Ashkenazy, Pollini)",Chopin
sonate_2-pianos_34b_1_(c)lefeldt,"Sonata for 2 Pianos in F Minor, Op. 34b: I. Allegro non troppo (Live)",
nocturne_37_1_(c)unknown,"Yoonie Han: Nocturne in G minor, Op  37, No  1",
strings_11-3_(c)onclassical,Code.org Quote Maker App Tutorial - Lesson 11 Functions Unit 4 CS Principles,
bilder_1_(c)yogore,4 Bilder 1 Wort - Level 250-278 - L√∂se 7 R√§tsel aus dem Bereich - L√∂sungen Antworten,
concerto_15_3_(c)lucarelli,"K. 450 Mozart Piano Concerto No. 15 in B-flat major, III Allegro",
hungarian_dance_12_(c)yogore,Johannes Brahms - Hungarian Dance No. 12 - Presto,Brahms
hirt_auf_dem_felsen_129_2_(c)bakels,"Der Hirt auf dem Felsen, Op. 129, D. 965: Wenn auf dem h√∂chsten Fels ich steh",
carnaval_17-20_(c)oguri,Carnaval de Concepcion 2011 Par.17/20,
ballade_10_2_(c)dery,"Ballade, Op. 10: No. 2 in D Major",
winterreise_1_(c)yogore,Franz Schubert Winterreise - Ian Bostridge and Julius Drake (Part 1/24),Schubert
symphony_5_2_(c)lucarelli,"Beethoven -5th Symphony, 2nd movement: Andante Con Moto",Beethoven
grand_marches_40_2_(c)yogore,"Schubert, 6 Grandes Marches, D.819 Op.40 No.2",Schubert
waltzes_39_3_(c)yogore,Brahms - Waltz Op. 39 No. 3,Brahms
fugue_72_3_(c)yogore,"6 Etudes, Op. 111: No. 3. Prelude and Fugue: Fugue: Moderato espressivo",
nocturne_c_sharp-_(c)unknown,Chopin - Nocturne in C Sharp Minor (No. 20),Chopin
symphonic_etude_13b_(c)hisamori,"Schumann: Symphonic Etudes, Op.13 (Pogorelich)",Schumann
christmas_tree_suite_12_(c)halstead,Unboxing My 12ft Christmas TreeüéÑ!/Clean and Decorate With Me! /Lobby Hobby 12ft Yuletide  Pine Tree!,
hungarian_dance_8_(c)yogore,Johannes Brahms - Hungarian Dance No. 8 - Presto,Brahms
ave_maria_(c)yogore,Schubert - Ave Maria,Schubert
gestirne_(c)yogore,Dietrich Fischer-Dieskau; &quot;Die Gestirne&quot;;  D 444; Franz Schubert,Schubert
sonata_D894_3_(c)bucknall,"Piano sonata in G Major, D. 894 &quot;Fantaisie&quot;: III. Menuetto. Allegro moderato - Trio",
adagio_D897_(c)ko-edwards,"Schubert: Adagio in E flat, Op.posth. 148 D.897 &quot;Notturno&quot;",Schubert
waltzes_D365_(c)yogore,36 ORIGINAL DANCES - OP 9 - D 365 - Schubert,Schubert
mazurka_17_2_(c)yogore,Chopin Mazurka Op.17 No.2 By Arthur Rubinstein (30/154),Chopin
sonata_D664_(c)hisamori,"Franz Schubert, Piano Sonata in A (D.664). Andr√°s Schiff",Schubert
winterreise_8-9_(c)yogore,"Winterreise, D. 911: No. 8, R√ºckblick",
clarinet_quintett_115_1_bakels,"Clarinet Quintet in B Minor, Op. 115: I. Allegro",
variations_haydn_56a_8_(bakels),Johannes Brahms - Variationen B-Dur √ºber ein Thema von Joseph Haydn op. 56a | WDR Sinfonieorchester,Brahms
hongroise_mov1_(c)yogore,"Schubert : M√©lodie hongroise D. 817, par David Fray",Schubert
mazurka_50_2_(c)yogore,Chopin Mazurka Op.50 No.2 By Arthur Rubinstein (50/154),Chopin
sonata_58_3_(c)finley,"Chopin: Sonata No.3 in B Minor, Op.58 (Fialkowska, Kissin)",Chopin
etude_25_11_(c)finley,Chopin - Etude Op. 25 No. 11 (Winter Wind),Chopin
klavierstucke_119_2_(c)lefeldt,"Brahms - 4 Klavierst√ºcke, Op. 119 (Murray Perahia)",Brahms
sonata_D958_3_(c)bucknall,"Alfred Brendel plays Schubert - Piano Sonatas D958, D959, D960 (1988)",Schubert
consolation_1_(c)halstead,Consolation No. 1 - Liszt (Piano Cover),Liszt
mazurka_67_3_(c)yogore,"Arthur Rubinstein - Chopin Mazurka, Op. 67 No. 3",Chopin
concerto_11_2_(c)oguri,"[Caritas Collectio] Vivaldi: Concerto for Two Violins &amp; Cello in d, RV 565",
standchen_(c)yogore,Schubert St√§ndchen (Serenade) Peter Schreier,Schubert
quartet_41-2_3_(c)onclassical,"Robert Schumann - String Quartet No.2, Op. 41/2 (with score)",Schumann
prelude_and_fugue_g_minor_(borsari),Bach - WTC I Prelude and fugue in G minor BWV 861 - Alard | Netherlands Bach Society,
polonaise_posth_Gb_(c)dery,Chopin : Polonaise in G minor - Posthumous,Chopin
sonate_22_2_(c)lefeldt,"Schumann: Sonata No.2 in G Minor, Op.22 (Nakamatsu)",Schumann
valse_posth_Eb_(c)dery,Chopin Waltz No.17 Op.Posth. in E-flat - P. Barton FEURICH piano,Chopin
march_heroiques_3_(c)yogore,Marcia funebre (Adagio assai) - Sinfon√≠a n.¬∫ 3 (Beethoven),Beethoven
sonate_2-pianos_34b_4_(c)lefeldt,Brahms Sonata f-moll for two pianos - Anastasia &amp; Lubov Gromoglasova,Brahms
mazurka_posth_50_(c)yogore,"Chopin: Mazurkas, Op.50 ‚Äì Op. Posth (Fialkowska)",Chopin
mazurka_63_2_(c)yogore,"Arthur Rubinstein - Chopin Mazurka, Op. 63 No. 2",Chopin
valses_sentimentales_(c)yogore,F. Schubert - 34 Valses sentimentales D 779/Op.50 (w/score),Schubert
hungarian_dance_6_(c)yogore,Johannes Brahms - Hungarian Dance No. 6 - Vivace,Brahms
variations_haydn_56a_5_(bakels),Brahms - Variazioni su tema di Haydn op. 56a (score),Brahms
christmas_tree_suite_3_(c)halstead,Christmas Tree Suite by Franz Liszt No 3 Die Hirten an der Krippe,Liszt
mazurka_33_4_(c)unknown,Chopin Mazurka Op.33 No.4 By Arthur Rubinstein (44/154),Chopin
variations_haydn_56a_2_(bakels),"Brahms: Variations on a Theme by Haydn, Op.56b (Argerich and Freire)",Brahms
ouverture_81_(c)lucarelli,Brahms: Tragische Ouvert√ºre - Royal Concertgebouw Orchestra [HD],Brahms
etude_25_12_(c)unknown,Chopin - Etude Op. 25 No. 12 (Ocean),Chopin
valse_70_3_(c)dery,Chopin Valse Op.70 No.3 - P. Barton FEURICH piano,Chopin
ein_deutsch_requeim_45_7_(c)petri,"Brahms: Ein deutsches Requiem, Op.45 - 7. Chor: &quot;Selig sind die Toten, die in dem Herrn sterben&quot;",Brahms
hungarian_dance_2_(c)yogore,Johannes Brahms - Hungarian Dance No. 2 - Allegro non assai - Vivace,Brahms
concerto_2_21_2_(c)finley,F. CHOPIN:Concerto no.2 op.21 - II Larghetto - Krystian ZIMERMAN (1999 pianist and conductor),Chopin
grand_march_66_(c)yogore,Jedi temple march loop [marching sound edit],
presto_posth_(c)lefeldt,"Prelude in A flat major, Op. posth.: Presto con leggierezza",
hungarian_mass_hosanna_(c)blondel,Hungarian Priest Sings Beautiful Catholic Song,
sonata_42_(c)hisamori,Sonata in G minor RV 42 - Antonio Vivaldi,
mazurka_59_1_(c)yogore,"Martha Argerich, Mazurka Op 59 No 1, Chopin Competition 1965",Chopin
sonata_122_4_(c)yogore,"Sonata for Piano 4-hands in C Minor, Op. 122: IV. Alla Tarantella",
sonate_2-pianos_34b_3_(c)lefeldt,"Sonata for 2 Pianos in F Minor, Op. 34b: III. Scherzo (Allegro) (Live)",
polonaise_posth_71_3_(c)dery,"Vlad√≠mir √Åshkenazi,Polonaise in F minor, Op  71, No  3, Chopin",Chopin
quartet_41-1_2_(c)onclassical,"Robert Schumann - String Quartet No.1, Op. 41/1 (with score)",Schumann
fugue_126_5_(c)yogore,Robert Schumann - 7 Klavierst√ºcke in Fughettenform op. 126 [With score],Schumann
hungarian_dance_18_(c)yogore,Johannes Brahms - Hungarian Dance No. 18 - Molto Vivace,Brahms
sonata_120_2_(c)yogore,"Johannes Brahms - Clarinet Sonata in E flat major, Op 120 No 2 (score)",Brahms
nocturne_48_1_(c)unknown,Chopin - Nocturne Op. 48 No. 1,Chopin
waltzes_39_9_(c)yogore,"Tchaikovsky : Waltz Op. 39, No. 9",
impromptu_D946_3_(c)lefeldt,[Alfred Brendel] Schubert: Drei Klavierst√ºcke -- D946,Schubert
hungarian_dance_21_(c)yogore,Johannes Brahms - 21 Hungarian dances FULL,Brahms
strings_13-1_(c)onclassical,"Mozart - String Serenade No.13 &quot;Eine Kleine Nachtmusik&quot; in G Major, KV525 - 1st Movement",
ballade_10_1_(c)dery,"Brahms: 4 Ballades, Op.10 (Kovacevich, Michelangeli, Tiberghien, Zimerman)",Brahms
waltzes_39_16_(c)yogore,Brahms - 16 Waltzes Op. 39,Brahms
march_606_(c)yogore,"Sviatoslav Richter - Schubert - March in E major, D 606",Schubert
mazurka_7_1_(c)yogore,Chopin Mazurka Op.7 No.1 By Arthur Rubinstein (24/154),Chopin
fantasie_17_1_(c)oguri,"Schumann: Fantasie in C, Op.17 (Andsnes)",Schumann
sonata_53_1_(c)yogore,Beethoven - Waldstein Sonata (1st mvmt),Beethoven
variations_haydn_56a_1t_(bakels),"Brahms: Variations On A Theme By Haydn, Op. 56a",Brahms
symphony_6_3_(c)lucarelli,"Beethoven: Symphony No 6, 3rd movement (Bernard Haitink, London Symphony Orchestra)",Beethoven
fugue_126_1_(c)yogore,„ÄêÊºîÂ•è„Äë„Éê„ÉÉ„ÉèÔºöÂπ≥ÂùáÂæã„ÇØ„É©„É¥„Ç£„Éº„Ç¢Êõ≤ÈõÜ Á¨¨2Â∑ª Á¨¨1Áï™„Äå„Éï„Éº„Ç¨„Äç„Äê„Éî„Ç¢„Éé„Äë126,
sonata_143_2_(c)yogore,"Beethoven: Sonata No.20 in G Major, Op.49 No.2 (Goode, Lewis)",Beethoven
valse_posth_E_(c)dery,Evgeny Kissin - Chopin Valse E  Posthume,Chopin
sonata_D958_2_(c)bucknall,"Schubert: Piano Sonata No.19 in C minor, D.958 - 2. Adagio",Schubert
sonata_D894_2_(c)bucknall,"Schubert - Piano Sonata No. 18 in G major, D. 894 - II. Andante - Jimin Oh-Havenith",Schubert
sonata_129_3_(c)onclassical,"Stanford: Sonata for clarinet and piano, Op.129 - 3. Allegretto grazioso",
waltzes_39_12_(c)yogore,"Johannes BRAHMS: Op. 39, No. 12 (Waltz)",Brahms
nocturne_32_1_(c)unknown,Chopin Nocturne Op. 32 No. 1 in B Major (Arthur Rubinstein),Chopin
variations_35_2_(pepperdine),THE TRUTH ABOUT PEPPERDINE UNIVERSITY pt 2,
symphony_5_3_(c)lucarelli,"Beethoven -5th Symphony, 3rd movement: Allegro",Beethoven
symphonische_etuden_13_(c)lefeldt,"Schumann: Symphonic Etudes, Op.13 (Pogorelich)",Schumann
ballade_10_4_(c)dery,"Brahms - Michelangeli, Ballade Op.10 No 4 in B major",Brahms
sonata_120_1_(c)yogore,"Brahms Sonata No. 1 in F minor for clarinet and piano, Op. 120 No. 1 - I &amp; II",Brahms
fugue_126_6_(c)yogore,"Bach Prelude and Fugue No.6 (Moderate Tempo) Well Tempered Clavier, Book 1 with Harmonic Pedal",
symphony_9_4_(c)lucarelli,Beethoven Symphony No. 9 - Mvt. 4 - Barenboim/West-Eastern Divan Orchestra,Beethoven
mazurka_7_2_(c)yogore,Chopin Mazurka Op.7 No.2 By Arthur Rubinstein (25/154),Chopin
nocturne_37_2_(c)unknown,Chopin Nocturne Op.37 No.2 By Arthur Rubinstein (12/154),Chopin
waltzes_39_15_(c)yogore,"Brahms Waltz in A-Flat Major, Op. 39 No. 15 - Evgeny Kissin",Brahms
polonaise_40_2_(c)dery,F. Chopin :  Polonaise op. 40 no. 2 in C minor (Pollini),Chopin
kinderszenen_15_7_(c)oguri,"Schumann: Kinderszenen Op.15 No.7, Tr√§umerei (Horowitz)",Schumann
concerto_15_2_(c)lucarelli,"Mozart: Piano Concerto No.15 in B flat, K.450 - 2. (Andante)",
march_military_3_(c)yogore,Franz Schubert 3 Military Marches for piano duet Op. 51 D.733,Schubert
diabelli_variations_(c)halstead,"Beethoven: Diabelli Variations, Op.120 (Anderszewski)",Beethoven
sonata_143_1_(c)yogore,Got income tax notice u/s 143(1) | What to do Now ?,
fugue_126_2_(c)yogore,„ÄêÊºîÂ•è„Äë„Éê„ÉÉ„ÉèÔºöÂπ≥ÂùáÂæã„ÇØ„É©„É¥„Ç£„Éº„Ç¢Êõ≤ÈõÜ Á¨¨2Â∑ª Á¨¨1Áï™„Äå„Éï„Éº„Ç¨„Äç„Äê„Éî„Ç¢„Éé„Äë126,
concerto_11_3_(c)oguri,Vivaldi Concerto Op. 3 No. 11 RV 565 (complete),
sonate_22_4_(c)lefeldt,"Beethoven: Sonata No.22 in F Major, Op.54 (Lortie, Korstick, Buchbinder)",Beethoven
sonata_53_2_(c)yogore,"Medtner: Sonata Minacciosa, Op.53 No.2 (Tozer)",
polonaise_posth_Ab_(c)dery,Chopin - Heroic Polonaise (Op. 53 in A Flat Major),Chopin
sonate_2-pianos_34b_2_(c)lefeldt,Brahms Sonata f-moll for two pianos - Anastasia &amp; Lubov Gromoglasova,Brahms
quartet_41-1_1_(c)onclassical,"Robert Schumann - String Quartet No.1, Op. 41/1 (with score)",Schumann
ein_deutsch_requeim_45_6_(c)petri,"Brahms ~ Ein Deutsches Requiem, Op. 45 (VI/VII) ~ Herbert von Karajan",Brahms
variations_haydn_56a_3_(bakels),"Brahms: Variations On A Theme By Haydn, Op. 56a",Brahms
ein_deutsch_requeim_45_1_(c)petri,Brahms: Ein deutsches Requiem ‚àô hr-Sinfonieorchester ‚àô MDR-Rundfunkchor ‚àô Solisten ‚àô David Zinman,Brahms
variations_9_(hisamori),Variation 9,
waltzes_39_11_(c)yogore,Brahms - 16 Waltzes Op. 39,Brahms
nocturne_72_1_(c)unknown,Chopin Nocturne Op.72 No.1 By Arthur Rubinstein (19/154),Chopin
strings_13-2_(c)onclassical,13 Strings and a 2 Dollar Bill - &quot;Single Girl&quot;,
impromptu_D946_2_(c)lefeldt,Paul Lewis‚ÄêSchubertÔºöKlavierst√ºcke in E flat Major D946 no.2,Schubert
etude_10_12_(c)unknown,Chopin - Revolutionary Etude (Op. 10 No. 12),Chopin
variations_haydn_56a_4_(bakels),"Variations on a Theme by Haydn, Op. 56a: Thema. Chorale St. Antoni (Andante)",
hungarian_dance_5_(c)yogore,Johannes Brahms - Hungarian Dance No. 5,Brahms
polacca_53_(c)finley,"Chopin - Polonaise, Op. 53 (Kissin)",Chopin
clarinet_quintett_115_3_bakels,"Johannes Brahms - Clarinet Quintet in B minor, Op. 115",Brahms
klavierstucke_119_1_(c)lefeldt,"Brahms - 4 Klavierst√ºcke, Op. 119 (Murray Perahia)",Brahms
arabesque_(c)yogore,Arabesque by Samuel R. Hazo,
strings_15-3_(c)onclassical,"Beethoven, String Quartet No.15, Op.132 [3/4]",Beethoven
mazurka_30_3_(c)yogore,Chopin Mazurka Op.30 No.3 By Arthur Rubinstein (39/154),Chopin
sonata_122_3_(c)yogore,"Sonata for Piano 4-hands in C Minor, Op. 122: III. Minuetto: Allegretto",
gretchen_(c)yogore,Gretchen Geraghty,
valse_64_3_(c)dery,Chopin Valse Op.64 No.3 - Paul Barton FEURICH 218 piano,Chopin
sonata_D784_(c)hisamori,Schubert Piano Sonata No 14 D 784 A minor Alfred Brendel piano,Schubert
tarantelle_43_(c)finley,"Daniil Trifonov ‚Äì Tarantella in A flat major, Op. 43 (third stage, 2010)",
sonata_D459_(c)hisamori,"Franz Schubert, Piano Sonata in E major (D.459) -- Andr√°s Schiff",Schubert
sonate_22_3_(c)lefeldt,"Beethoven: Sonata No.22 in F Major, Op.54 (Lortie, Korstick, Buchbinder)",Beethoven
concerto_2_21_1_(c)finley,"Chopin: Piano Concerto No.2 In F Minor, Op.21 - 1. Maestoso",Chopin
christmas_tree_suite_4_(c)halstead,"Liszt Christmas Tree  Weihnachtsbaum A.Lubimov, O.Andryushchenko",Liszt
hungarian_dance_1_(c)yogore,Dudamel &amp; GSO - Brahms Hungarian Dance No. 1,Brahms
himmelsfunken_(c)yogore,Schubert: Himmelsfunken D 651,Schubert
prelude_45_(c)lubetsky,"Fr√©d√©ric Chopin ‚Äí Prelude in C-sharp minor, Op.45",Chopin
scherzo_39_(c)unknown,Chopin: Scherzo Op.39 No.3 In C Sharp Minor (Pogorelich),Chopin
fruhlingsglaube_(c)yogore,FruÃàhlingsglaube - Schubert - High Key Ab- Accompaniment .mov,Schubert
strings_10-3_(c)onclassical,Œ†Œ±œçŒªŒøœÇ Œ†Œ±œÖŒªŒØŒ¥Œ∑œÇ | Strings &amp; Voices | gazarte 3 &amp; 10/3/2017,
sonata_D537_(c)hisamori,"Franz Schubert, Piano Sonata a-minor D.537, Alfred Brendel",Schubert
lebenssturme_(c)yogore,"Schubert: Lebensst√ºrme, Allegro in A Minor, D 947 - Lucas &amp; Arthur Jussen",Schubert
scherzo_4_(c)hisamori,"Rafal Blechacz - Chopin Scherzo N¬∞4 in E major, Op.54",Chopin
waltzes_39_10_(c)yogore,Brahms - 16 Waltzes Op. 39,Brahms
valse_70_1_(c)dery,"Chopin Waltz Op.70 No.1 (version 1) P. Barton, FEURICH 218 piano",Chopin
nachtstucke_23_1_(c)lefeldt,Richter live in Stockholm - Schumann:  Vier Nachtst√ºcke op 23 (1),Schumann
etude_25_9_(c)unknown,Chopin - Etude Op. 25 No. 9 (Butterfly),Chopin
etude_en_forme_de_canon_(c)luquet,Schumann=Debussy: 6 Etudes En Forme de Canon Op.56,Schumann
nocturne_15_3_(c)unknown,Chopin Nocturne Op. 15 No. 3 in G minor (Arthur Rubinstein),Chopin
sonata_53_3_(c)yogore,"Tiffany Poon plays Haydn Sonata No.53 in E Minor, Hob XVI:34",
piano_concerto_1_(c)galimberti,"Tchaikovsky: Piano Concerto No. 1, Op. 23 - Anna Fedorova - Live Concert HD",
la_ci_darem_la_mano_(c)halstead,Mozart - La Ci Darem La Mano (English Subtitles),
carnaval_op_9_(c)finley,"Schumann - Carnaval, op. 9 - Boris Giltburg",Schumann
prelude_28_1_(c)unknown,F. Chopin : Prelude op. 28 no. 1 in C Major (Kissin),Chopin
march_military_2_(c)yogore,Combat Medic Essentials ‚îÇ Part 2: The M.A.R.C.H. Algorithm,
impromptu_124_9_(c)fallen,J√∂rg Demus plays Schumann Albumbl√§tter Op.124 - 9. Impromptu,Schumann
strings_13-3_(c)onclassical,.07 Gauge Guitar Strings Sound Absolutely Ridiculous,
hungarian_rhapsody_8_(c)yogore,Liszt - Hungarian Rhapsody No. 8 (Audio+Sheet) [Cziffra],Liszt
fugue_126_3_(c)yogore,"Prelude and Fugue No. 3, BWV 848 // J.S. BACH",
marches_121_1_(c)yogore,Dig This (Dig It) 121-1 to 121-20 Chapter 121 ACCELERATOR All Levels Walkthrough Solutions,
symphony_5_4_(c)lucarelli,"Beethoven -5th Symphony, 4th movement: Allegro; Presto",Beethoven
variations_haydn_56a_6_(bakels),"Brahms: Variations On A Theme By Haydn, Op. 56a",Brahms
ein_deutsch_requeim_45_3_(c)petri,"Ein deutsches Requiem, Op. 45: III. &quot;Herr, lehre doch mich&quot;",
polonaise_posth_gs-_(c)dery,Chopin : Polonaise in G minor - Posthumous,Chopin
nocturne_55_2_(c)unknown,Chopin Nocturne Op.55 No.2 By Arthur Rubinstein (16/154),Chopin
waltzes_39_14_(c)yogore,Chenyin Li plays Brahms Waltz Op 39 No 14,Brahms
etude_10_6_(c)unknown,Pollini plays Chopin Etude Op.10 No.6,Chopin
variations_haydn_56a_1_(bakels),"Brahms: Variations On A Theme By Haydn, Op. 56a",Brahms
quartet_41-3_4_(c)onclassical,"Robert Schumann - String Quartet No.3, Op. 41/3 (with score)",Schumann
ein_deutsch_requeim_45_4_(c)petri,"Ein deutsches Requiem, Op. 45: 4. Wie lieblich sind deine Wohnungen",
valse_42_(c)dery,Eric Lu ‚Äì Waltz in A flat major Op. 42 (second stage),
symphony_9_3_(c)lucarelli,Beethoven Symphony No. 9 - Mvt. 3 - Barenboim/West-Eastern Divan Orchestra,Beethoven
fugue_126_7_(c)yogore,Short Fugue No.7 (piano) #shorts,
valse_posth_Ab_(c)dery,"Chopin ‚Äì Waltz in A minor, B. 150, Op. Posth.",Chopin
variations_35_1_(pepperdine),PEPPERDINE CAMPUS TOUR 2017!! &amp; COLLEGE STORIES {A Short Film},
christmas_tree_suite_1_(c)halstead,Liszt - Christmas Tree Suite - No.1 &quot;An Old Christmas Carol&quot;,Liszt
ballade_47_(c)lubetsky,Chopin: Ballade Op.47 No.3 in A-flat Major (Glemser),Chopin
concerto_11_1_(c)oguri,"Chopin Piano Concerto No. 1 in e minor, Op. 11 (Zimerman)",Chopin
etude_25_1_(c)unknown,"Daniel Barenboim ‚Äì Chopin: √âtude Op. 25 No.1 in A flat Major (Live from Pierre Boulez Saal, 2020)",Chopin
valse_69_2_(c)dery,"Chopin Valse Op.69 No.2 Paul Barton, FEURICH piano",Chopin
sonata_129_1_(c)onclassical,129 1 hours classical easy sonata,
sonata_D840_(c)hisamori,"Franz Schubert - Piano Sonata in C Major &quot;Reliquie&quot;, D.840",Schubert
ballade_10_3_(c)dery,Mega Man 10: Special Stage 3 (Ballade),
mazurka_24_4_(c)yogore,Chopin Mazurka Op.24 No.4 By Arthur Rubinstein (36/154),Chopin
quartet_41-2_1_(c)onclassical,"Robert Schumann - String Quartet No.2, Op. 41/2 (with score)",Schumann
consolation_2_(c)halstead,Liszt             Consolation No 2 in E Major            Horowitz,Liszt
fantasie_17_2_(c)oguri,"Fantasy in C Major, Op. 17: II. Massig. Durchaus energisch",
ruh_(c)yogore,Rota x Defkhan - RUH (Official Music Video),
prelude_28_15_(c)unknown,Chopin - Raindrop Prelude (Op. 28 No. 15),Chopin
nocturne_9_2_(c)unknown,Chopin - Nocturne in E Flat Major (Op. 9 No. 2),Chopin
etude_10_9_(c)unknown,Chopin - Etude Op.10 No.9,Chopin
strings_10-2_(c)onclassical,10 2 String Guitar Songs Part 3   Beginners Guitar Songs   Easy songs to play on guitar,
polonaise_posth_71_1_(c)dery,"Kamil Pacholec ‚Äì F. Chopin, Polonaise in D minor [Op. 71 No. 1] (First stage)",Chopin
sonate_b_(c)hisamori,Liszt: Sonata in B Minor (Zimerman),Liszt
polonaise_26_2_(c)dery,"Kissin,Chopin Polonaise,op 26 no 2 in E flat Minor,full score, partitura",Chopin
hymne_(c)yogore,Hymne - Era (lyrics),
sonata_122_2_(c)yogore,"Sonata E-flat major op. 122, II: Andante molto",
etude_10_1_(c)unknown,Chopin - Etude Op. 10 No. 1 (Waterfall),Chopin
nocturne_c_sharp_minor_(c)inoue,Chopin - Nocturne in C Sharp Minor (No. 20),Chopin
polonaise_fantasie_(c)galimberti,Chopin: Polonaise-Fantaisie Op.61 in A-flat (Richter),Chopin
piano_sonata_3_(hisamori),Paul Hindemith - Piano Sonata No. 3,
mazurka_30_2_(c)yogore,Chopin Mazurka Op.30 No.2 By Arthur Rubinstein (38/154),Chopin
christmas_tree_suite_11_(c)halstead,1941 (4/11) Movie CLIP - Japanese Christmas Trees (1979) HD,
strings_15-2_(c)onclassical,15 1 String Guitar Songs Part 2   Beginners Guitar Songs   Easy Songs to Play on Guitar,
symphonic_etude_13a_(c)hisamori,"Robert Schumann - Symphonic Etudes, Op. 13",Schumann
hungarian_dance_4_(c)yogore,Johannes Brahms - Hungarian Dance No. 4 - Poco sostenuto - Vivace,Brahms
rose_(c)yogore,SAINt JHN - Roses (Imanbek Remix) (Official Music Video),
etude_25_6_(c)unknown,Chopin - Etude Op. 25 No. 6 in G‚ôØ minor &quot;Double Thirds&quot;,Chopin
toccata_op_7_(c)siu,"Schumann: Toccata in C, Op.7 (Pogorelich)",Schumann
ein_deutsch_requeim_45_5_(c)petri,"Brahms: Ein deutsches Requiem, Op.45 - 5. Solo (Sopran) und Chor: &quot;Ihr habt nun Traurigkeit&quot;",Brahms
piano_sonata_2_(hisamori),"Rachmaninoff: Piano Sonata No.2, Op.36 (Lugansky, Kocsis)",
symphony_10_1_(c)prengel,Mahler compl Cooke Symphony No 10 (Mvt 1: Adagio) ‚Äì Sir Simon Rattle/London Symphony Orchestra,
tage_aller_seelen_(c)yogore,"Am Tage Aller Seelen, D. 343",
ein_deutsch_requeim_45_2_(c)petri,"Ein deutsches Requiem, Op. 45: II. &quot;Denn alles Fleisch es ist wie Gras&quot;",
variations_haydn_56a_7_(bakels),Brahms - Variazioni su tema di Haydn op. 56a (score),Brahms
concerto_2_21_3_(c)finley,"Chopin: Piano Concerto No.2 In F Minor, Op.21 - 3. Allegro vivace",Chopin
etude_25_7_(c)unknown,F. Chopin: Etude op. 25 no. 7 in C sharp minor (Horowitz),Chopin
impromptu_51_(c)finley,Kate Liu ‚Äì Impromptu in G flat major Op. 51 (third stage),
hungarian_dance_3_(c)yogore,Johannes Brahms - Hungarian Dance 3,Brahms
strings_15-1_(c)onclassical,15 1 String Guitar Songs ‚Äì Beginners Guitar Songs ‚Äì Easy Songs to Play on Guitar,
polonaise_posth_Bb_(c)dery,Chopin : Polonaise in B flat Major - Posthumous,Chopin
quartet_41-2_2_(c)onclassical,"Robert Schumann - String Quartet No.2, Op. 41/2 (with score)",Schumann
christmas_tree_suite_9_(c)halstead,Franz Liszt - Christmas Tree suite: IX - Abendglocken,Liszt
mazurka_24_3_(c)yogore,Chopin Mazurka Op.24 No.3 By Arthur Rubinstein (35/154),Chopin
violin_concert_1_(c)unknown,Bruch: 1. Violinkonzert ‚àô hr-Sinfonieorchester ‚àô Hilary Hahn ‚àô Andr√©s Orozco-Estrada,
sonata_122_1_(c)yogore,Sonata Op.122 N.1 in Mib Maggiore - Marzia Gaggioli,
variations_21_2_(hisamori),"Variations on a Theme of Chopin, Op. 22: XXII. Var. 21. Andante-Pi√π Vivo",Chopin
strings_10-1_(c)onclassical,You‚Äôre Probably Using The WRONG Guitar Strings,
consolation_5_(c)halstead,Horowitz plays Liszt Consolation No.5 in E,Liszt
march_heroiques_2_(c)yogore,"4 Marches R354, S642 2. March in E flat minor No. 2 (Funeral March)",
etude_10_8_(c)unknown,Chopin - Etude Op.10 No.8 &quot;Sunshine&quot;,Chopin
hungarian_dance_7_(c)yogore,Johannes Brahms - Hungarian Dance No. 7 - Allegretto - Vivo,Brahms
nocturne_9_3_(c)unknown,Chopin Nocturne Op. 9 No. 3 in B Major (Arthur Rubinstein),Chopin
nocturne_c-_(c)unknown,Chopin - Nocturne in C Sharp Minor (No. 20),Chopin
etude_10_7_(c)unknown,Chopin - Etude Op.10 No.7 &quot;Toccata&quot;,Chopin
prelude_28_8_(c)unknown,Seong-Jin Cho ‚Äì Prelude in F sharp minor Op. 28 No. 8 (third stage),
valse_64_1_(c)dery,Chopin - Minute Waltz (Op. 64 No. 1),Chopin
meeresstille_(c)yogore,&quot;Meeresstille&quot; von Goethe,
waltzes_39_13_(c)yogore,Brahms - 16 Waltzes Op. 39,Brahms
symphony_6_4_(c)lucarelli,"Ludwig Van Beethoven - Symphony No. 6, Op.68 - 4th &amp; 5th Movement",Beethoven
christmas_tree_suite_6_(c)halstead,"Franz Liszt - Weihnachtsbaum, S. 186",Liszt
concerto_15_1_(c)lucarelli,"Beethoven: Piano Concerto No.1 in C, Op.15 (Anderszewski)",Beethoven
sonata_143_3_(c)yogore,Piano Sonata N¬∞14 D.784 Op.143 3#mov / Franz Schubert (piano tutorial),Schubert
strings_11-4_(c)onclassical,Nadja Salerno-Sonnenberg with the Loyola Strings 11/4/2017,
march_military_1_(c)yogore,Schubert - Military March,Schubert
sonata_129_2_(c)onclassical,"Clarinet Sonata, Op. 129: II. Caoine: Adagio (quasi fantasia)",
wasser_(c)yogore,Wasser: Worauf es beim Trinken ankommt (Ganze Folge) I Quarks,
nocturne_15_2_(c)unknown,"Krystian Zimerman ‚Äì Chopin: Nocturne in F-Sharp Major, Op. 15 No. 2",Chopin
quartet_41-1_3_(c)onclassical,Quatuor Eb√®ne : Robert Schumann  String quartet Nr. 3 a-minor Op. 41/3,Schumann
ballade_23_(c)lubetsky,"Krystian Zimerman - Chopin - Ballade No. 1 in G minor, Op. 23",Chopin
waltzes_39_8_(c)yogore,"Tchaikovsky : Waltz Op. 39, No. 9",
marches_121_2_(c)yogore,"Schubert, 2 Marches Caract√©ristiques, D.968b (D.886) Op. posth. 121 No.2",Schubert
hungarian_dance_20_(c)yogore,Johannes Brahms - Hungarian Dance No. 20 - Poco allegretto - Vivace,Brahms
sonata_53_4_(c)yogore,"Tiffany Poon plays Haydn Sonata No.53 in E Minor, Hob XVI:34",
sonate_58_(c)finley,"Daniil Trifonov ‚Äì Sonata in B minor, Op. 58 (third stage, 2010)",
hungarian_dance_19_(c)yogore,Johannes Brahms - Hungarian Dance No. 19 - Allegretto,Brahms
fantasie_17_3_(c)oguri,Vladimir Horowitz plays Schumann Fantasie op. 17 in C major [3/3],Schumann
strings_14-4_(c)onclassical,CUERDAS DEL CORAZON CAPITULO 14-4 SubEspa√±ol,
sonata_120_3_(c)yogore,"[J.Brahms: Clarinet Sonata, Op.120-2 / mov.3] -Piano part only- Play With Shams",Brahms
fugue_126_4_(c)yogore,the Fugue in Cmaj Op.126-4,
strings_11-2_(c)onclassical,"Barber: Adagio For Strings, Op.11 - 2. Molto adagio",
grand_marches_40_3_(c)yogore,"Schubert, 6 Grandes Marches, D.819 Op.40 No.3",Schubert
fugue_72_2_(c)yogore,Robert Schumann Fugue 2 Op. 72,Schumann
waltzes_39_2_(c)yogore,Brahms Waltzes Op. 39 Nos. 1-4 - Evgeny Kissin,Brahms
fantasie_49_(c)galimberti,"Krystian Zimerman ‚Äì Chopin: Fantasie in F Minor, Op. 49",Chopin
waltz_39_15_(c)oguri,"Brahms Waltz in A-Flat Major, Op. 39 No. 15 - Evgeny Kissin",Brahms
carnaval_1-8_(c)oguri,carnaval parte 1/8,
hungarian_dance_13_(c)yogore,Ungarischer Tantz - 13th c,
andante_and_variations_op_46_(c)halstead,"Schumann, Andante and variations for two pianos op. 46",Schumann
symphony_9_2_(c)lucarelli,Beethoven Symphony No. 9 - Mvt. 2 - Barenboim/West-Eastern Divan Orchestra,Beethoven
trio_D898_2_(c)ko-edwards,"Schubert: Piano Trio No.2 in Eb, D.929 (Trio Wanderer)",Schubert
quartet_41-3_1_(c)onclassical,"Robert Schumann - String Quartet No.3, Op. 41/3 (with score)",Schumann
etude_10_5_(c)unknown,Chopin - Etude Op. 10 No. 5 (Black Keys),Chopin
nocturne_55_1_(c)unknown,Chopin - Nocturne Op. 55 No. 1,Chopin
symphony_6_1_(c)lucarelli,"Beethoven: Symphony No. 6 &quot;Pastoral&quot;, first movement - Itzhak Perlman",Beethoven
rondo_138_(c)yogore,Ani &amp; Nia Sulkhanishvili - Schubert: Rondo op.138 - San Marino Piano Competition 2008,Schubert
lob_thranen_(c)yogore,Marcin Dylla plays Lob der Thr√§nen by Franz Schubert on a 1919 Jul√≠an G√≥mez Ram√≠rez,Schubert
sonata_147_2_(c)yogore,"Sonata for Viola and Piano in C Major, Op. 147: II. Allegretto",
carnaval_9-16_(c)oguri,"Carnaval, Op. 9: 16. Valse allemande",
consolation_4_(c)halstead,Horowitz plays Liszt Consolation No.4 in D-flat,Liszt
prelude_28_11_(c)unknown,"Chopin - Prelude in B major, op. 28 no. 11",Chopin
waltzes_39_6_(c)yogore,"Brahms: 16 Waltzes, Op.39 - 6. In C Sharp (Piano Duet Version)",Brahms
scherzo_20_(c)galimberti,20 scherzi a Giamba - Le Iene,
mazurka_68_2_(c)yogore,"Arthur Rubinstein - Chopin Mazurka, Op. 68 No. 2",Chopin
strings_14-2_(c)onclassical,Schubert - String Quartet No. 14 in D minor (Death and the Maiden) - II. Andante con moto,Schubert
winterreise_4_(c)yogore,"Winterreise, D. 911: No. 4, Erstarrung",
sonata_164_1_(c)yogore,"Sonata for Flute and Piano, FP 164: 1. Allegro malinconico",
variations_24_(wolfe),Variations,
christmas_tree_suite_8_(c)halstead,Liszt - Christmas Tree Suite - No.8 &quot;An Ancient Proven√ßal Carol&quot;,Liszt
quartet_41-1_5_(c)onclassical,"Robert Schumann - String Quartet No.1, Op. 41/1 (with score)",Schumann
bilder_4_(c)yogore,Pr√ºfung B1 Bildbeschreibung (4 Bilder) ŸàÿµŸÅ ÿßŸÑÿµŸàÿ±ÿ© B1 ÿßŸÖÿ™ÿ≠ÿßŸÜ,
nachtstucke_23_2_(c)lefeldt,"Nachtstucke, Op. 23: No. 2. Markiert und lebhaft (Kuriose Gesellschaft)",
hungarian_dance_17_(c)yogore,Johannes Brahms - Hungarian Dance No. 17 - Andantino - Vivace,Brahms
polonaise_posth_bb-_(c)dery,Chopin : Polonaise in B flat Major - Posthumous,Chopin
childrens_march_928_(c)yogore,CHILDREN MARCH - D.928 - Schubert,Schubert
mazurka_67_2_(c)yogore,"Arthur Rubinstein - Chopin Mazurka, Op. 67 No. 2",Chopin
mazurka_50_3_(c)yogore,Chopin Mazurka Op.50 No.3 By Arthur Rubinstein (51/154),Chopin
sonata_58_2_(c)finley,"Cello Sonata No. 2, Op. 58: II. Allegretto scherzando",
etude_10_2_(c)unknown,Chopin - Etude Op.10 No.2 &quot;Chromatic&quot;,Chopin
valse_34_1_(c)dery,"Ingolf Wunder ‚Äì Waltz in A flat major, Op. 34 No. 1 (second stage, 2010)",
symphony_10_3_(c)prengel,Symphony No. 10 &quot;The River of Time&quot;: III. David,
sonate_35_(hisamori),"W.A. MOZART - Sonata in C minor, K  457- Allegro, Adagio, Molto Allegro - CARLO GRANTE piano",
clarinet_quintett_115_2_bakels,"Johannes Brahms - Clarinet Quintet in B minor, Op. 115",Brahms
polonaise_44_(c)dery,Chopin: Polonaise in f sharp minor Op. 44 (P√∂ntinen),Chopin
christmas_tree_suite_7_(c)halstead,"Liszt - Weihnachtsbaum, S186 (P√∂ntinen)",Liszt
mazurka_17_3_(c)yogore,Chopin Mazurka Op.17 No.3 By Arthur Rubinstein (31/154),Chopin
andante_polacca_22_(c)finley,Chopin: Andante Spianato and Grande Polonaise Brillante Op.22 (Weissenberg),Chopin
nocturne_9_1_(c)unknown,Chopin - Nocturne Op.9 No.1,Chopin
prelude_28_16_(c)unknown,Chopin - Prelude Op.28 No.16 in B flat minor,Chopin
hungarian_dance_9_(c)yogore,Johannes Brahms - Hungarian Dance No. 9 - Allegro ma non troppo,Brahms
quartet_41-2_4_(c)onclassical,"Robert Schumann - String Quartet No.2, Op. 41/2 (with score)",Schumann
nonne_(c)yogore,Wie schwer f√§llt Ihnen das Z√∂libat? 10 Fragen an eine Nonne | Galileo | ProSieben,
winterreise_11-12_(c)yogore,Franz Schubert Winterreise - Ian Bostridge and Julius Drake (Part 11/24),Schubert
hongroise_mov3_(c)yogore,Hector Berlioz - La Damnation de Faust Op. 24 Marche Hongroise,
sonata_58_1_(c)finley,"Fr√©d√©ric Chopin - Piano Sonata No. 3 in B Minor, Op. 58, 1st Movement (Synthesia)",Chopin
forelle_(c)yogore,"Schubert: &quot;Die Forelle&quot; (Fischer-Dieskau, Moore)",Schubert
strings_10-4_(c)onclassical,Logic Pro X 10 4 Studio Strings,
polonaise_26_1_(c)dery,Chopin Polonaise Op.26 #1 in c sharp minor. Valentina Lisitsa,Chopin
trio_D898_3_(c)ko-edwards,"Trio No. 1 in B-Flat Major, D. 898: III. Scherzo. Allegro",
nachtstucke_23_4_(c)lefeldt,"Schumann - Nachtst√ºck in F major, op.23 no.4 - Emil Gilels",Schumann
variations_21_1_(hisamori),02/24/21 Dawn Patrol: ToTD - Passing Entry Variations Pt. 1 (NoGi),
strings_15-4_(c)onclassical,"Beethoven, String Quartet No.15, Op.132 [4/4]",Beethoven
polonaise_posth_71_2_(c)dery,"Evgeni Bozhanov ‚Äì Polonaise in B flat major, Op. 71 No. 2 (second stage, 2010)",
valse_posth_e-_(c)dery,Evgeny Kissin - Chopin Valse E  Posthume,Chopin
polonaise_posth_g-_(c)dery,Chopin : Polonaise in G minor - Posthumous,Chopin
hungarian_mass_benedictus_(c)blondel,"Liszt - Benedictus und Offertorium aus der ungarischen Kr√∂nungsmesse, S501 (Thomson)",Liszt
symphony_10_2_(c)prengel,Shostakovich Symphony No 10 Mvt 2 // Gianandrea Noseda &amp; London Symphony Orchestra,
piano_sonata_1_(hisamori),"Nikolai Myaskovsky ‚Äí Piano Sonata No.1, Op.6",
sonata_D568_(c)hisamori,Kempff plays Schubert Piano Sonata in E-flat Major D568,Schubert
variations_haydn_56a_(bakels),Brahms - Variazioni su tema di Haydn op. 56a (score),Brahms
mazurka_17_4_(c)yogore,Chopin Mazurka Op.17 No.4 By Arthur Rubinstein (32/154),Chopin
strings_14-1_(c)onclassical,CUERDAS DEL CORAZ√ìN CAP√çTULO 14-2 SubEspa√±ol,
nocturne_c_minor_(c)inoue,Chopin - Nocturne in C Sharp Minor (No. 20),Chopin
sonata_D894_1_(c)bucknall,"Schubert: Piano Sonata No.18 in G Major, D.894 (Volodos)",Schubert
valse_69_1_(c)dery,"Chopin - Valse de l&#39;adieu, op. 69 no. 1",Chopin
waltzes_39_1_(c)yogore,Brahms Waltzes Op. 39 Nos. 1-4 - Evgeny Kissin,Brahms
fugue_72_1_(c)yogore,Fugue No.1 Op.72 for Piano - Robert Schumann (arr.Organ),Schumann
winterreise_3_(c)yogore,"Winterreise, D. 911: No. 3, Gefrorene Tr√§nen",
nachtstucke_23_3_(c)lefeldt,"Schumann: Nachtst√ºcke, Op.23 - 3. Mit grosser Lebhaftigkeit",Schumann
rondeau_823_(c)yogore,Bach - Suite in F minor BWV 823 - Haugsand | Netherlands Bach Society,
bilder_3_(c)yogore,3 Bilder Malen DIYs gegen Langeweile - Anf√§nger Tutorial // I&#39;mJette,
sonata_D958_1_(c)bucknall,Franz Schubert - Piano Sonata D. 958,Schubert
consolation_3_(c)halstead,Liszt - Consolation No. 3,Liszt
variations_24_(hisamori),"24 Variations on &quot;Venni Amore&quot;, WoO 65: Var. 14",
hungarian_dance_10_(c)yogore,Johannes Brahms - Hungarian Dance No. 10 - Presto,Brahms
hungarian_rhapsody_6_(c)yogore,"Liszt - Hungarian Rhapsody No. 6 (1,500,000 SPECIAL)",Liszt
sonata_164_2_(c)yogore,"Flute Sonata, FP 164: II. Cantilena",
winterreise_7_(c)yogore,Franz Schubert Winterreise - Ian Bostridge and Julius Drake (Part 7/24),Schubert
christmas_tree_suite_10_(c)halstead,"Liszt - Weihnachtsbaum, S186 (P√∂ntinen)",Liszt
grand_marches_40_4_(c)yogore,"Schubert, 6 Grandes Marches, D.819 Op.40 No.4",Schubert
mazurka_68_1_(c)yogore,"Arthur Rubinstein - Chopin Mazurka, Op. 68 No. 1",Chopin
rastlose_(c)yogore,"Schubert: Rastlose Liebe, D 138 - Kiri Te Kanawa",Schubert
waltzes_39_5_(c)yogore,"Brahms Waltz in A-Flat Major, Op. 39 No. 15 - Evgeny Kissin",Brahms
sonata_147_1_(c)yogore,"Shostakovich: Sonata for Viola and Piano, Op.147 - 1. Moderato",
strings_11-1_(c)onclassical,"Johannes Brahms - Serenade No.1 in D-major, Op.11 (1857)",Brahms
valse_70_2_(c)dery,"Chopin Valse Op.70 No.2 Paul Barton, FEURICH piano",Chopin
hungarian_dance_14_(c)yogore,Brahms: Hungarian Dance No.14 In D Minor,Brahms
symphony_5_1_(c)lucarelli,"Beethoven -5th Symphony, 1st movement: Allegro Con Br√≠o",Beethoven
quartet_41-3_2_(c)onclassical,"Robert Schumann - String Quartet No.3, Op. 41/3 (with score)",Schumann
